{
  "image_scale": 0.5,
  "image_shape_calibrated_on": [
    1500,
    2000,
    3
  ],
  "mtx": [
    [
      1597.3899748946849,
      0.0,
      989.4748149880646
    ],
    [
      0.0,
      1588.9749483604207,
      733.0854103356689
    ],
    [
      0.0,
      0.0,
      1.0
    ]
  ],
  "newCameraMtx": [
    [
      1610.988525390625,
      0.0,
      993.1380656777037
    ],
    [
      0.0,
      1605.808837890625,
      731.157933960043
    ],
    [
      0.0,
      0.0,
      1.0
    ]
  ],
  "dist": [
    [
      -0.06119623274807259,
      0.11819839972321886,
      -0.0013304438958691444,
      0.0017513434354306896,
      0.011780655149190043
    ]
  ],
  "roi": [
    0,
    0,
    1999,
    1499
  ],
  "alpha": 0
}