{
  "image_scale": 0.25,
  "image_shape_calibrated_on": [
    750,
    1000,
    3
  ],
  "mtx": [
    [
      800.6673278271817,
      0.0,
      493.9655864708945
    ],
    [
      0.0,
      796.2861136407844,
      363.38077736263784
    ],
    [
      0.0,
      0.0,
      1.0
    ]
  ],
  "newCameraMtx": [
    [
      804.662109375,
      0.0,
      494.5171811885666
    ],
    [
      0.0,
      800.7512817382812,
      361.97794675608566
    ],
    [
      0.0,
      0.0,
      1.0
    ]
  ],
  "dist": [
    [
      -0.05310588525544239,
      0.09844176583568756,
      -0.0016052076504025764,
      0.000731507248531729,
      0.007535653315761352
    ]
  ],
  "roi": [
    0,
    0,
    999,
    749
  ],
  "alpha": 0
}